Domain Code,Domain,Area Code (M49),Area,Element Code,Element,Months Code,Months,Year Code,Year,Unit,Value,Flag,Flag Description
"ET","Temperature change on land","578","Norway","7271","Temperature change","7001","January","2010","2010","°c","-2.02","E","Estimated value"
"ET","Temperature change on land","578","Norway","7271","Temperature change","7001","January","2011","2011","°c","1.23","E","Estimated value"
"ET","Temperature change on land","578","Norway","7271","Temperature change","7001","January","2012","2012","°c","1.776","E","Estimated value"
"ET","Temperature change on land","578","Norway","7271","Temperature change","7001","January","2013","2013","°c","0.99","E","Estimated value"
"ET","Temperature change on land","578","Norway","7271","Temperature change","7001","January","2014","2014","°c","0.459","E","Estimated value"
"ET","Temperature change on land","578","Norway","7271","Temperature change","7001","January","2015","2015","°c","2.295","E","Estimated value"
"ET","Temperature change on land","578","Norway","7271","Temperature change","7001","January","2016","2016","°c","-1.168","E","Estimated value"
"ET","Temperature change on land","578","Norway","7271","Temperature change","7001","January","2017","2017","°c","3.92","E","Estimated value"
"ET","Temperature change on land","578","Norway","7271","Temperature change","7001","January","2018","2018","°c","1.44","E","Estimated value"
"ET","Temperature change on land","578","Norway","7271","Temperature change","7001","January","2019","2019","°c","1.138","E","Estimated value"
"ET","Temperature change on land","578","Norway","7271","Temperature change","7001","January","2020","2020","°c","5.624","E","Estimated value"
"ET","Temperature change on land","578","Norway","7271","Temperature change","7001","January","2021","2021","°c","-0.471","E","Estimated value"
"ET","Temperature change on land","578","Norway","7271","Temperature change","7001","January","2022","2022","°c","3.408","E","Estimated value"
"ET","Temperature change on land","578","Norway","7271","Temperature change","7001","January","2023","2023","°c","3.638","E","Estimated value"
"ET","Temperature change on land","578","Norway","7271","Temperature change","7001","January","2024","2024","°c","0.122","E","Estimated value"
"ET","Temperature change on land","578","Norway","6078","Standard Deviation","7001","January","2010","2010","°c","2.191","E","Estimated value"
"ET","Temperature change on land","578","Norway","6078","Standard Deviation","7001","January","2011","2011","°c","2.191","E","Estimated value"
"ET","Temperature change on land","578","Norway","6078","Standard Deviation","7001","January","2012","2012","°c","2.191","E","Estimated value"
"ET","Temperature change on land","578","Norway","6078","Standard Deviation","7001","January","2013","2013","°c","2.191","E","Estimated value"
"ET","Temperature change on land","578","Norway","6078","Standard Deviation","7001","January","2014","2014","°c","2.191","E","Estimated value"
"ET","Temperature change on land","578","Norway","6078","Standard Deviation","7001","January","2015","2015","°c","2.191","E","Estimated value"
"ET","Temperature change on land","578","Norway","6078","Standard Deviation","7001","January","2016","2016","°c","2.191","E","Estimated value"
"ET","Temperature change on land","578","Norway","6078","Standard Deviation","7001","January","2017","2017","°c","2.191","E","Estimated value"
"ET","Temperature change on land","578","Norway","6078","Standard Deviation","7001","January","2018","2018","°c","2.191","E","Estimated value"
"ET","Temperature change on land","578","Norway","6078","Standard Deviation","7001","January","2019","2019","°c","2.191","E","Estimated value"
"ET","Temperature change on land","578","Norway","6078","Standard Deviation","7001","January","2020","2020","°c","2.191","E","Estimated value"
"ET","Temperature change on land","578","Norway","6078","Standard Deviation","7001","January","2021","2021","°c","2.191","E","Estimated value"
"ET","Temperature change on land","578","Norway","6078","Standard Deviation","7001","January","2022","2022","°c","2.191","E","Estimated value"
"ET","Temperature change on land","578","Norway","6078","Standard Deviation","7001","January","2023","2023","°c","2.191","E","Estimated value"
"ET","Temperature change on land","578","Norway","6078","Standard Deviation","7001","January","2024","2024","°c","2.191","E","Estimated value"
"ET","Temperature change on land","578","Norway","7271","Temperature change","7002","February","2010","2010","°c","-2.556","E","Estimated value"
"ET","Temperature change on land","578","Norway","7271","Temperature change","7002","February","2011","2011","°c","-0.702","E","Estimated value"
"ET","Temperature change on land","578","Norway","7271","Temperature change","7002","February","2012","2012","°c","1.467","E","Estimated value"
"ET","Temperature change on land","578","Norway","7271","Temperature change","7002","February","2013","2013","°c","1.773","E","Estimated value"
"ET","Temperature change on land","578","Norway","7271","Temperature change","7002","February","2014","2014","°c","6.357","E","Estimated value"
"ET","Temperature change on land","578","Norway","7271","Temperature change","7002","February","2015","2015","°c","4.591","E","Estimated value"
"ET","Temperature change on land","578","Norway","7271","Temperature change","7002","February","2016","2016","°c","3.293","E","Estimated value"
"ET","Temperature change on land","578","Norway","7271","Temperature change","7002","February","2017","2017","°c","3.194","E","Estimated value"
"ET","Temperature change on land","578","Norway","7271","Temperature change","7002","February","2018","2018","°c","-0.039","E","Estimated value"
"ET","Temperature change on land","578","Norway","7271","Temperature change","7002","February","2019","2019","°c","3.687","E","Estimated value"
"ET","Temperature change on land","578","Norway","7271","Temperature change","7002","February","2020","2020","°c","4.359","E","Estimated value"
"ET","Temperature change on land","578","Norway","7271","Temperature change","7002","February","2021","2021","°c","0.743","E","Estimated value"
"ET","Temperature change on land","578","Norway","7271","Temperature change","7002","February","2022","2022","°c","2.795","E","Estimated value"
"ET","Temperature change on land","578","Norway","7271","Temperature change","7002","February","2023","2023","°c","4.72","E","Estimated value"
"ET","Temperature change on land","578","Norway","7271","Temperature change","7002","February","2024","2024","°c","2.708","E","Estimated value"
"ET","Temperature change on land","578","Norway","6078","Standard Deviation","7002","February","2010","2010","°c","2.506","E","Estimated value"
"ET","Temperature change on land","578","Norway","6078","Standard Deviation","7002","February","2011","2011","°c","2.506","E","Estimated value"
"ET","Temperature change on land","578","Norway","6078","Standard Deviation","7002","February","2012","2012","°c","2.506","E","Estimated value"
"ET","Temperature change on land","578","Norway","6078","Standard Deviation","7002","February","2013","2013","°c","2.506","E","Estimated value"
"ET","Temperature change on land","578","Norway","6078","Standard Deviation","7002","February","2014","2014","°c","2.506","E","Estimated value"
"ET","Temperature change on land","578","Norway","6078","Standard Deviation","7002","February","2015","2015","°c","2.506","E","Estimated value"
"ET","Temperature change on land","578","Norway","6078","Standard Deviation","7002","February","2016","2016","°c","2.506","E","Estimated value"
"ET","Temperature change on land","578","Norway","6078","Standard Deviation","7002","February","2017","2017","°c","2.506","E","Estimated value"
"ET","Temperature change on land","578","Norway","6078","Standard Deviation","7002","February","2018","2018","°c","2.506","E","Estimated value"
"ET","Temperature change on land","578","Norway","6078","Standard Deviation","7002","February","2019","2019","°c","2.506","E","Estimated value"
"ET","Temperature change on land","578","Norway","6078","Standard Deviation","7002","February","2020","2020","°c","2.506","E","Estimated value"
"ET","Temperature change on land","578","Norway","6078","Standard Deviation","7002","February","2021","2021","°c","2.506","E","Estimated value"
"ET","Temperature change on land","578","Norway","6078","Standard Deviation","7002","February","2022","2022","°c","2.506","E","Estimated value"
"ET","Temperature change on land","578","Norway","6078","Standard Deviation","7002","February","2023","2023","°c","2.506","E","Estimated value"
"ET","Temperature change on land","578","Norway","6078","Standard Deviation","7002","February","2024","2024","°c","2.506","E","Estimated value"
"ET","Temperature change on land","578","Norway","7271","Temperature change","7003","March","2010","2010","°c","-0.134","E","Estimated value"
"ET","Temperature change on land","578","Norway","7271","Temperature change","7003","March","2011","2011","°c","1.426","E","Estimated value"
"ET","Temperature change on land","578","Norway","7271","Temperature change","7003","March","2012","2012","°c","4.388","E","Estimated value"
"ET","Temperature change on land","578","Norway","7271","Temperature change","7003","March","2013","2013","°c","-2.407","E","Estimated value"
"ET","Temperature change on land","578","Norway","7271","Temperature change","7003","March","2014","2014","°c","3.947","E","Estimated value"
"ET","Temperature change on land","578","Norway","7271","Temperature change","7003","March","2015","2015","°c","4.005","E","Estimated value"
"ET","Temperature change on land","578","Norway","7271","Temperature change","7003","March","2016","2016","°c","3.294","E","Estimated value"
"ET","Temperature change on land","578","Norway","7271","Temperature change","7003","March","2017","2017","°c","2.199","E","Estimated value"
"ET","Temperature change on land","578","Norway","7271","Temperature change","7003","March","2018","2018","°c","-2.129","E","Estimated value"
"ET","Temperature change on land","578","Norway","7271","Temperature change","7003","March","2019","2019","°c","1.335","E","Estimated value"
"ET","Temperature change on land","578","Norway","7271","Temperature change","7003","March","2020","2020","°c","2.462","E","Estimated value"
"ET","Temperature change on land","578","Norway","7271","Temperature change","7003","March","2021","2021","°c","2.984","E","Estimated value"
"ET","Temperature change on land","578","Norway","7271","Temperature change","7003","March","2022","2022","°c","3.876","E","Estimated value"
"ET","Temperature change on land","578","Norway","7271","Temperature change","7003","March","2023","2023","°c","-1.284","E","Estimated value"
"ET","Temperature change on land","578","Norway","7271","Temperature change","7003","March","2024","2024","°c","3.075","E","Estimated value"
"ET","Temperature change on land","578","Norway","6078","Standard Deviation","7003","March","2010","2010","°c","2.117","E","Estimated value"
"ET","Temperature change on land","578","Norway","6078","Standard Deviation","7003","March","2011","2011","°c","2.117","E","Estimated value"
"ET","Temperature change on land","578","Norway","6078","Standard Deviation","7003","March","2012","2012","°c","2.117","E","Estimated value"
"ET","Temperature change on land","578","Norway","6078","Standard Deviation","7003","March","2013","2013","°c","2.117","E","Estimated value"
"ET","Temperature change on land","578","Norway","6078","Standard Deviation","7003","March","2014","2014","°c","2.117","E","Estimated value"
"ET","Temperature change on land","578","Norway","6078","Standard Deviation","7003","March","2015","2015","°c","2.117","E","Estimated value"
"ET","Temperature change on land","578","Norway","6078","Standard Deviation","7003","March","2016","2016","°c","2.117","E","Estimated value"
"ET","Temperature change on land","578","Norway","6078","Standard Deviation","7003","March","2017","2017","°c","2.117","E","Estimated value"
"ET","Temperature change on land","578","Norway","6078","Standard Deviation","7003","March","2018","2018","°c","2.117","E","Estimated value"
"ET","Temperature change on land","578","Norway","6078","Standard Deviation","7003","March","2019","2019","°c","2.117","E","Estimated value"
"ET","Temperature change on land","578","Norway","6078","Standard Deviation","7003","March","2020","2020","°c","2.117","E","Estimated value"
"ET","Temperature change on land","578","Norway","6078","Standard Deviation","7003","March","2021","2021","°c","2.117","E","Estimated value"
"ET","Temperature change on land","578","Norway","6078","Standard Deviation","7003","March","2022","2022","°c","2.117","E","Estimated value"
"ET","Temperature change on land","578","Norway","6078","Standard Deviation","7003","March","2023","2023","°c","2.117","E","Estimated value"
"ET","Temperature change on land","578","Norway","6078","Standard Deviation","7003","March","2024","2024","°c","2.117","E","Estimated value"
"ET","Temperature change on land","578","Norway","7271","Temperature change","7004","April","2010","2010","°c","1.787","E","Estimated value"
"ET","Temperature change on land","578","Norway","7271","Temperature change","7004","April","2011","2011","°c","4.342","E","Estimated value"
"ET","Temperature change on land","578","Norway","7271","Temperature change","7004","April","2012","2012","°c","0.173","E","Estimated value"
"ET","Temperature change on land","578","Norway","7271","Temperature change","7004","April","2013","2013","°c","0.32","E","Estimated value"
"ET","Temperature change on land","578","Norway","7271","Temperature change","7004","April","2014","2014","°c","2.601","E","Estimated value"
"ET","Temperature change on land","578","Norway","7271","Temperature change","7004","April","2015","2015","°c","2.177","E","Estimated value"
"ET","Temperature change on land","578","Norway","7271","Temperature change","7004","April","2016","2016","°c","1.849","E","Estimated value"
"ET","Temperature change on land","578","Norway","7271","Temperature change","7004","April","2017","2017","°c","0.378","E","Estimated value"
"ET","Temperature change on land","578","Norway","7271","Temperature change","7004","April","2018","2018","°c","1.768","E","Estimated value"
"ET","Temperature change on land","578","Norway","7271","Temperature change","7004","April","2019","2019","°c","3.524","E","Estimated value"
"ET","Temperature change on land","578","Norway","7271","Temperature change","7004","April","2020","2020","°c","1.401","E","Estimated value"
"ET","Temperature change on land","578","Norway","7271","Temperature change","7004","April","2021","2021","°c","0.962","E","Estimated value"
"ET","Temperature change on land","578","Norway","7271","Temperature change","7004","April","2022","2022","°c","1.195","E","Estimated value"
"ET","Temperature change on land","578","Norway","7271","Temperature change","7004","April","2023","2023","°c","1.992","E","Estimated value"
"ET","Temperature change on land","578","Norway","7271","Temperature change","7004","April","2024","2024","°c","0.725","E","Estimated value"
"ET","Temperature change on land","578","Norway","6078","Standard Deviation","7004","April","2010","2010","°c","1.136","E","Estimated value"
"ET","Temperature change on land","578","Norway","6078","Standard Deviation","7004","April","2011","2011","°c","1.136","E","Estimated value"
"ET","Temperature change on land","578","Norway","6078","Standard Deviation","7004","April","2012","2012","°c","1.136","E","Estimated value"
"ET","Temperature change on land","578","Norway","6078","Standard Deviation","7004","April","2013","2013","°c","1.136","E","Estimated value"
"ET","Temperature change on land","578","Norway","6078","Standard Deviation","7004","April","2014","2014","°c","1.136","E","Estimated value"
"ET","Temperature change on land","578","Norway","6078","Standard Deviation","7004","April","2015","2015","°c","1.136","E","Estimated value"
"ET","Temperature change on land","578","Norway","6078","Standard Deviation","7004","April","2016","2016","°c","1.136","E","Estimated value"
"ET","Temperature change on land","578","Norway","6078","Standard Deviation","7004","April","2017","2017","°c","1.136","E","Estimated value"
"ET","Temperature change on land","578","Norway","6078","Standard Deviation","7004","April","2018","2018","°c","1.136","E","Estimated value"
"ET","Temperature change on land","578","Norway","6078","Standard Deviation","7004","April","2019","2019","°c","1.136","E","Estimated value"
"ET","Temperature change on land","578","Norway","6078","Standard Deviation","7004","April","2020","2020","°c","1.136","E","Estimated value"
"ET","Temperature change on land","578","Norway","6078","Standard Deviation","7004","April","2021","2021","°c","1.136","E","Estimated value"
"ET","Temperature change on land","578","Norway","6078","Standard Deviation","7004","April","2022","2022","°c","1.136","E","Estimated value"
"ET","Temperature change on land","578","Norway","6078","Standard Deviation","7004","April","2023","2023","°c","1.136","E","Estimated value"
"ET","Temperature change on land","578","Norway","6078","Standard Deviation","7004","April","2024","2024","°c","1.136","E","Estimated value"
"ET","Temperature change on land","578","Norway","7271","Temperature change","7005","May","2010","2010","°c","0.816","E","Estimated value"
"ET","Temperature change on land","578","Norway","7271","Temperature change","7005","May","2011","2011","°c","1.365","E","Estimated value"
"ET","Temperature change on land","578","Norway","7271","Temperature change","7005","May","2012","2012","°c","0.742","E","Estimated value"
"ET","Temperature change on land","578","Norway","7271","Temperature change","7005","May","2013","2013","°c","3.152","E","Estimated value"
"ET","Temperature change on land","578","Norway","7271","Temperature change","7005","May","2014","2014","°c","0.925","E","Estimated value"
"ET","Temperature change on land","578","Norway","7271","Temperature change","7005","May","2015","2015","°c","0.079","E","Estimated value"
"ET","Temperature change on land","578","Norway","7271","Temperature change","7005","May","2016","2016","°c","2.565","E","Estimated value"
"ET","Temperature change on land","578","Norway","7271","Temperature change","7005","May","2017","2017","°c","0.317","E","Estimated value"
"ET","Temperature change on land","578","Norway","7271","Temperature change","7005","May","2018","2018","°c","4.545","E","Estimated value"
"ET","Temperature change on land","578","Norway","7271","Temperature change","7005","May","2019","2019","°c","0.344","E","Estimated value"
"ET","Temperature change on land","578","Norway","7271","Temperature change","7005","May","2020","2020","°c","-0.688","E","Estimated value"
"ET","Temperature change on land","578","Norway","7271","Temperature change","7005","May","2021","2021","°c","0.317","E","Estimated value"
"ET","Temperature change on land","578","Norway","7271","Temperature change","7005","May","2022","2022","°c","1.054","E","Estimated value"
"ET","Temperature change on land","578","Norway","7271","Temperature change","7005","May","2023","2023","°c","1.275","E","Estimated value"
"ET","Temperature change on land","578","Norway","7271","Temperature change","7005","May","2024","2024","°c","4.458","E","Estimated value"
"ET","Temperature change on land","578","Norway","6078","Standard Deviation","7005","May","2010","2010","°c","1.246","E","Estimated value"
"ET","Temperature change on land","578","Norway","6078","Standard Deviation","7005","May","2011","2011","°c","1.246","E","Estimated value"
"ET","Temperature change on land","578","Norway","6078","Standard Deviation","7005","May","2012","2012","°c","1.246","E","Estimated value"
"ET","Temperature change on land","578","Norway","6078","Standard Deviation","7005","May","2013","2013","°c","1.246","E","Estimated value"
"ET","Temperature change on land","578","Norway","6078","Standard Deviation","7005","May","2014","2014","°c","1.246","E","Estimated value"
"ET","Temperature change on land","578","Norway","6078","Standard Deviation","7005","May","2015","2015","°c","1.246","E","Estimated value"
"ET","Temperature change on land","578","Norway","6078","Standard Deviation","7005","May","2016","2016","°c","1.246","E","Estimated value"
"ET","Temperature change on land","578","Norway","6078","Standard Deviation","7005","May","2017","2017","°c","1.246","E","Estimated value"
"ET","Temperature change on land","578","Norway","6078","Standard Deviation","7005","May","2018","2018","°c","1.246","E","Estimated value"
"ET","Temperature change on land","578","Norway","6078","Standard Deviation","7005","May","2019","2019","°c","1.246","E","Estimated value"
"ET","Temperature change on land","578","Norway","6078","Standard Deviation","7005","May","2020","2020","°c","1.246","E","Estimated value"
"ET","Temperature change on land","578","Norway","6078","Standard Deviation","7005","May","2021","2021","°c","1.246","E","Estimated value"
"ET","Temperature change on land","578","Norway","6078","Standard Deviation","7005","May","2022","2022","°c","1.246","E","Estimated value"
"ET","Temperature change on land","578","Norway","6078","Standard Deviation","7005","May","2023","2023","°c","1.246","E","Estimated value"
"ET","Temperature change on land","578","Norway","6078","Standard Deviation","7005","May","2024","2024","°c","1.246","E","Estimated value"
"ET","Temperature change on land","578","Norway","7271","Temperature change","7006","June","2010","2010","°c","-0.803","E","Estimated value"
"ET","Temperature change on land","578","Norway","7271","Temperature change","7006","June","2011","2011","°c","1.513","E","Estimated value"
"ET","Temperature change on land","578","Norway","7271","Temperature change","7006","June","2012","2012","°c","-1.105","E","Estimated value"
"ET","Temperature change on land","578","Norway","7271","Temperature change","7006","June","2013","2013","°c","1.448","E","Estimated value"
"ET","Temperature change on land","578","Norway","7271","Temperature change","7006","June","2014","2014","°c","0.176","E","Estimated value"
"ET","Temperature change on land","578","Norway","7271","Temperature change","7006","June","2015","2015","°c","-1.352","E","Estimated value"
"ET","Temperature change on land","578","Norway","7271","Temperature change","7006","June","2016","2016","°c","0.799","E","Estimated value"
"ET","Temperature change on land","578","Norway","7271","Temperature change","7006","June","2017","2017","°c","0.06","E","Estimated value"
"ET","Temperature change on land","578","Norway","7271","Temperature change","7006","June","2018","2018","°c","0.356","E","Estimated value"
"ET","Temperature change on land","578","Norway","7271","Temperature change","7006","June","2019","2019","°c","0.785","E","Estimated value"
"ET","Temperature change on land","578","Norway","7271","Temperature change","7006","June","2020","2020","°c","3.166","E","Estimated value"
"ET","Temperature change on land","578","Norway","7271","Temperature change","7006","June","2021","2021","°c","2.129","E","Estimated value"
"ET","Temperature change on land","578","Norway","7271","Temperature change","7006","June","2022","2022","°c","1.833","E","Estimated value"
"ET","Temperature change on land","578","Norway","7271","Temperature change","7006","June","2023","2023","°c","2.224","E","Estimated value"
"ET","Temperature change on land","578","Norway","7271","Temperature change","7006","June","2024","2024","°c","1.774","E","Estimated value"
"ET","Temperature change on land","578","Norway","6078","Standard Deviation","7006","June","2010","2010","°c","1.469","E","Estimated value"
"ET","Temperature change on land","578","Norway","6078","Standard Deviation","7006","June","2011","2011","°c","1.469","E","Estimated value"
"ET","Temperature change on land","578","Norway","6078","Standard Deviation","7006","June","2012","2012","°c","1.469","E","Estimated value"
"ET","Temperature change on land","578","Norway","6078","Standard Deviation","7006","June","2013","2013","°c","1.469","E","Estimated value"
"ET","Temperature change on land","578","Norway","6078","Standard Deviation","7006","June","2014","2014","°c","1.469","E","Estimated value"
"ET","Temperature change on land","578","Norway","6078","Standard Deviation","7006","June","2015","2015","°c","1.469","E","Estimated value"
"ET","Temperature change on land","578","Norway","6078","Standard Deviation","7006","June","2016","2016","°c","1.469","E","Estimated value"
"ET","Temperature change on land","578","Norway","6078","Standard Deviation","7006","June","2017","2017","°c","1.469","E","Estimated value"
"ET","Temperature change on land","578","Norway","6078","Standard Deviation","7006","June","2018","2018","°c","1.469","E","Estimated value"
"ET","Temperature change on land","578","Norway","6078","Standard Deviation","7006","June","2019","2019","°c","1.469","E","Estimated value"
"ET","Temperature change on land","578","Norway","6078","Standard Deviation","7006","June","2020","2020","°c","1.469","E","Estimated value"
"ET","Temperature change on land","578","Norway","6078","Standard Deviation","7006","June","2021","2021","°c","1.469","E","Estimated value"
"ET","Temperature change on land","578","Norway","6078","Standard Deviation","7006","June","2022","2022","°c","1.469","E","Estimated value"
"ET","Temperature change on land","578","Norway","6078","Standard Deviation","7006","June","2023","2023","°c","1.469","E","Estimated value"
"ET","Temperature change on land","578","Norway","6078","Standard Deviation","7006","June","2024","2024","°c","1.469","E","Estimated value"
"ET","Temperature change on land","578","Norway","7271","Temperature change","7007","July","2010","2010","°c","1.201","E","Estimated value"
"ET","Temperature change on land","578","Norway","7271","Temperature change","7007","July","2011","2011","°c","1.433","E","Estimated value"
"ET","Temperature change on land","578","Norway","7271","Temperature change","7007","July","2012","2012","°c","-0.181","E","Estimated value"
"ET","Temperature change on land","578","Norway","7271","Temperature change","7007","July","2013","2013","°c","1.05","E","Estimated value"
"ET","Temperature change on land","578","Norway","7271","Temperature change","7007","July","2014","2014","°c","4.006","E","Estimated value"
"ET","Temperature change on land","578","Norway","7271","Temperature change","7007","July","2015","2015","°c","-0.635","E","Estimated value"
"ET","Temperature change on land","578","Norway","7271","Temperature change","7007","July","2016","2016","°c","1.251","E","Estimated value"
"ET","Temperature change on land","578","Norway","7271","Temperature change","7007","July","2017","2017","°c","0.262","E","Estimated value"
"ET","Temperature change on land","578","Norway","7271","Temperature change","7007","July","2018","2018","°c","4.005","E","Estimated value"
"ET","Temperature change on land","578","Norway","7271","Temperature change","7007","July","2019","2019","°c","1.051","E","Estimated value"
"ET","Temperature change on land","578","Norway","7271","Temperature change","7007","July","2020","2020","°c","-0.353","E","Estimated value"
"ET","Temperature change on land","578","Norway","7271","Temperature change","7007","July","2021","2021","°c","2.468","E","Estimated value"
"ET","Temperature change on land","578","Norway","7271","Temperature change","7007","July","2022","2022","°c","0.929","E","Estimated value"
"ET","Temperature change on land","578","Norway","7271","Temperature change","7007","July","2023","2023","°c","1.063","E","Estimated value"
"ET","Temperature change on land","578","Norway","7271","Temperature change","7007","July","2024","2024","°c","1.945","E","Estimated value"
"ET","Temperature change on land","578","Norway","6078","Standard Deviation","7007","July","2010","2010","°c","1.074","E","Estimated value"
"ET","Temperature change on land","578","Norway","6078","Standard Deviation","7007","July","2011","2011","°c","1.074","E","Estimated value"
"ET","Temperature change on land","578","Norway","6078","Standard Deviation","7007","July","2012","2012","°c","1.074","E","Estimated value"
"ET","Temperature change on land","578","Norway","6078","Standard Deviation","7007","July","2013","2013","°c","1.074","E","Estimated value"
"ET","Temperature change on land","578","Norway","6078","Standard Deviation","7007","July","2014","2014","°c","1.074","E","Estimated value"
"ET","Temperature change on land","578","Norway","6078","Standard Deviation","7007","July","2015","2015","°c","1.074","E","Estimated value"
"ET","Temperature change on land","578","Norway","6078","Standard Deviation","7007","July","2016","2016","°c","1.074","E","Estimated value"
"ET","Temperature change on land","578","Norway","6078","Standard Deviation","7007","July","2017","2017","°c","1.074","E","Estimated value"
"ET","Temperature change on land","578","Norway","6078","Standard Deviation","7007","July","2018","2018","°c","1.074","E","Estimated value"
"ET","Temperature change on land","578","Norway","6078","Standard Deviation","7007","July","2019","2019","°c","1.074","E","Estimated value"
"ET","Temperature change on land","578","Norway","6078","Standard Deviation","7007","July","2020","2020","°c","1.074","E","Estimated value"
"ET","Temperature change on land","578","Norway","6078","Standard Deviation","7007","July","2021","2021","°c","1.074","E","Estimated value"
"ET","Temperature change on land","578","Norway","6078","Standard Deviation","7007","July","2022","2022","°c","1.074","E","Estimated value"
"ET","Temperature change on land","578","Norway","6078","Standard Deviation","7007","July","2023","2023","°c","1.074","E","Estimated value"
"ET","Temperature change on land","578","Norway","6078","Standard Deviation","7007","July","2024","2024","°c","1.074","E","Estimated value"
"ET","Temperature change on land","578","Norway","7271","Temperature change","7008","August","2010","2010","°c","0.43","E","Estimated value"
"ET","Temperature change on land","578","Norway","7271","Temperature change","7008","August","2011","2011","°c","0.905","E","Estimated value"
"ET","Temperature change on land","578","Norway","7271","Temperature change","7008","August","2012","2012","°c","0.092","E","Estimated value"
"ET","Temperature change on land","578","Norway","7271","Temperature change","7008","August","2013","2013","°c","1.206","E","Estimated value"
"ET","Temperature change on land","578","Norway","7271","Temperature change","7008","August","2014","2014","°c","1.19","E","Estimated value"
"ET","Temperature change on land","578","Norway","7271","Temperature change","7008","August","2015","2015","°c","1.736","E","Estimated value"
"ET","Temperature change on land","578","Norway","7271","Temperature change","7008","August","2016","2016","°c","0.053","E","Estimated value"
"ET","Temperature change on land","578","Norway","7271","Temperature change","7008","August","2017","2017","°c","0.09","E","Estimated value"
"ET","Temperature change on land","578","Norway","7271","Temperature change","7008","August","2018","2018","°c","0.844","E","Estimated value"
"ET","Temperature change on land","578","Norway","7271","Temperature change","7008","August","2019","2019","°c","1.52","E","Estimated value"
"ET","Temperature change on land","578","Norway","7271","Temperature change","7008","August","2020","2020","°c","1.345","E","Estimated value"
"ET","Temperature change on land","578","Norway","7271","Temperature change","7008","August","2021","2021","°c","0.327","E","Estimated value"
"ET","Temperature change on land","578","Norway","7271","Temperature change","7008","August","2022","2022","°c","1.718","E","Estimated value"
"ET","Temperature change on land","578","Norway","7271","Temperature change","7008","August","2023","2023","°c","1.901","E","Estimated value"
"ET","Temperature change on land","578","Norway","7271","Temperature change","7008","August","2024","2024","°c","2.374","E","Estimated value"
"ET","Temperature change on land","578","Norway","6078","Standard Deviation","7008","August","2010","2010","°c","0.996","E","Estimated value"
"ET","Temperature change on land","578","Norway","6078","Standard Deviation","7008","August","2011","2011","°c","0.996","E","Estimated value"
"ET","Temperature change on land","578","Norway","6078","Standard Deviation","7008","August","2012","2012","°c","0.996","E","Estimated value"
"ET","Temperature change on land","578","Norway","6078","Standard Deviation","7008","August","2013","2013","°c","0.996","E","Estimated value"
"ET","Temperature change on land","578","Norway","6078","Standard Deviation","7008","August","2014","2014","°c","0.996","E","Estimated value"
"ET","Temperature change on land","578","Norway","6078","Standard Deviation","7008","August","2015","2015","°c","0.996","E","Estimated value"
"ET","Temperature change on land","578","Norway","6078","Standard Deviation","7008","August","2016","2016","°c","0.996","E","Estimated value"
"ET","Temperature change on land","578","Norway","6078","Standard Deviation","7008","August","2017","2017","°c","0.996","E","Estimated value"
"ET","Temperature change on land","578","Norway","6078","Standard Deviation","7008","August","2018","2018","°c","0.996","E","Estimated value"
"ET","Temperature change on land","578","Norway","6078","Standard Deviation","7008","August","2019","2019","°c","0.996","E","Estimated value"
"ET","Temperature change on land","578","Norway","6078","Standard Deviation","7008","August","2020","2020","°c","0.996","E","Estimated value"
"ET","Temperature change on land","578","Norway","6078","Standard Deviation","7008","August","2021","2021","°c","0.996","E","Estimated value"
"ET","Temperature change on land","578","Norway","6078","Standard Deviation","7008","August","2022","2022","°c","0.996","E","Estimated value"
"ET","Temperature change on land","578","Norway","6078","Standard Deviation","7008","August","2023","2023","°c","0.996","E","Estimated value"
"ET","Temperature change on land","578","Norway","6078","Standard Deviation","7008","August","2024","2024","°c","0.996","E","Estimated value"
"ET","Temperature change on land","578","Norway","7271","Temperature change","7009","September","2010","2010","°c","0.788","E","Estimated value"
"ET","Temperature change on land","578","Norway","7271","Temperature change","7009","September","2011","2011","°c","2.309","E","Estimated value"
"ET","Temperature change on land","578","Norway","7271","Temperature change","7009","September","2012","2012","°c","0.085","E","Estimated value"
"ET","Temperature change on land","578","Norway","7271","Temperature change","7009","September","2013","2013","°c","1.981","E","Estimated value"
"ET","Temperature change on land","578","Norway","7271","Temperature change","7009","September","2014","2014","°c","1.593","E","Estimated value"
"ET","Temperature change on land","578","Norway","7271","Temperature change","7009","September","2015","2015","°c","2.218","E","Estimated value"
"ET","Temperature change on land","578","Norway","7271","Temperature change","7009","September","2016","2016","°c","3.338","E","Estimated value"
"ET","Temperature change on land","578","Norway","7271","Temperature change","7009","September","2017","2017","°c","1.869","E","Estimated value"
"ET","Temperature change on land","578","Norway","7271","Temperature change","7009","September","2018","2018","°c","1.421","E","Estimated value"
"ET","Temperature change on land","578","Norway","7271","Temperature change","7009","September","2019","2019","°c","0.612","E","Estimated value"
"ET","Temperature change on land","578","Norway","7271","Temperature change","7009","September","2020","2020","°c","1.438","E","Estimated value"
"ET","Temperature change on land","578","Norway","7271","Temperature change","7009","September","2021","2021","°c","1.283","E","Estimated value"
"ET","Temperature change on land","578","Norway","7271","Temperature change","7009","September","2022","2022","°c","1.066","E","Estimated value"
"ET","Temperature change on land","578","Norway","7271","Temperature change","7009","September","2023","2023","°c","2.856","E","Estimated value"
"ET","Temperature change on land","578","Norway","7271","Temperature change","7009","September","2024","2024","°c","2.596","E","Estimated value"
"ET","Temperature change on land","578","Norway","6078","Standard Deviation","7009","September","2010","2010","°c","1.132","E","Estimated value"
"ET","Temperature change on land","578","Norway","6078","Standard Deviation","7009","September","2011","2011","°c","1.132","E","Estimated value"
"ET","Temperature change on land","578","Norway","6078","Standard Deviation","7009","September","2012","2012","°c","1.132","E","Estimated value"
"ET","Temperature change on land","578","Norway","6078","Standard Deviation","7009","September","2013","2013","°c","1.132","E","Estimated value"
"ET","Temperature change on land","578","Norway","6078","Standard Deviation","7009","September","2014","2014","°c","1.132","E","Estimated value"
"ET","Temperature change on land","578","Norway","6078","Standard Deviation","7009","September","2015","2015","°c","1.132","E","Estimated value"
"ET","Temperature change on land","578","Norway","6078","Standard Deviation","7009","September","2016","2016","°c","1.132","E","Estimated value"
"ET","Temperature change on land","578","Norway","6078","Standard Deviation","7009","September","2017","2017","°c","1.132","E","Estimated value"
"ET","Temperature change on land","578","Norway","6078","Standard Deviation","7009","September","2018","2018","°c","1.132","E","Estimated value"
"ET","Temperature change on land","578","Norway","6078","Standard Deviation","7009","September","2019","2019","°c","1.132","E","Estimated value"
"ET","Temperature change on land","578","Norway","6078","Standard Deviation","7009","September","2020","2020","°c","1.132","E","Estimated value"
"ET","Temperature change on land","578","Norway","6078","Standard Deviation","7009","September","2021","2021","°c","1.132","E","Estimated value"
"ET","Temperature change on land","578","Norway","6078","Standard Deviation","7009","September","2022","2022","°c","1.132","E","Estimated value"
"ET","Temperature change on land","578","Norway","6078","Standard Deviation","7009","September","2023","2023","°c","1.132","E","Estimated value"
"ET","Temperature change on land","578","Norway","6078","Standard Deviation","7009","September","2024","2024","°c","1.132","E","Estimated value"
"ET","Temperature change on land","578","Norway","7271","Temperature change","7010","October","2010","2010","°c","0.668","E","Estimated value"
"ET","Temperature change on land","578","Norway","7271","Temperature change","7010","October","2011","2011","°c","2.246","E","Estimated value"
"ET","Temperature change on land","578","Norway","7271","Temperature change","7010","October","2012","2012","°c","-0.589","E","Estimated value"
"ET","Temperature change on land","578","Norway","7271","Temperature change","7010","October","2013","2013","°c","1.048","E","Estimated value"
"ET","Temperature change on land","578","Norway","7271","Temperature change","7010","October","2014","2014","°c","1.705","E","Estimated value"
"ET","Temperature change on land","578","Norway","7271","Temperature change","7010","October","2015","2015","°c","1.597","E","Estimated value"
"ET","Temperature change on land","578","Norway","7271","Temperature change","7010","October","2016","2016","°c","0.912","E","Estimated value"
"ET","Temperature change on land","578","Norway","7271","Temperature change","7010","October","2017","2017","°c","1.342","E","Estimated value"
"ET","Temperature change on land","578","Norway","7271","Temperature change","7010","October","2018","2018","°c","0.752","E","Estimated value"
"ET","Temperature change on land","578","Norway","7271","Temperature change","7010","October","2019","2019","°c","-1.016","E","Estimated value"
"ET","Temperature change on land","578","Norway","7271","Temperature change","7010","October","2020","2020","°c","1.859","E","Estimated value"
"ET","Temperature change on land","578","Norway","7271","Temperature change","7010","October","2021","2021","°c","1.854","E","Estimated value"
"ET","Temperature change on land","578","Norway","7271","Temperature change","7010","October","2022","2022","°c","2.021","E","Estimated value"
"ET","Temperature change on land","578","Norway","7271","Temperature change","7010","October","2023","2023","°c","-1.272","E","Estimated value"
"ET","Temperature change on land","578","Norway","7271","Temperature change","7010","October","2024","2024","°c","2.061","E","Estimated value"
"ET","Temperature change on land","578","Norway","6078","Standard Deviation","7010","October","2010","2010","°c","1.567","E","Estimated value"
"ET","Temperature change on land","578","Norway","6078","Standard Deviation","7010","October","2011","2011","°c","1.567","E","Estimated value"
"ET","Temperature change on land","578","Norway","6078","Standard Deviation","7010","October","2012","2012","°c","1.567","E","Estimated value"
"ET","Temperature change on land","578","Norway","6078","Standard Deviation","7010","October","2013","2013","°c","1.567","E","Estimated value"
"ET","Temperature change on land","578","Norway","6078","Standard Deviation","7010","October","2014","2014","°c","1.567","E","Estimated value"
"ET","Temperature change on land","578","Norway","6078","Standard Deviation","7010","October","2015","2015","°c","1.567","E","Estimated value"
"ET","Temperature change on land","578","Norway","6078","Standard Deviation","7010","October","2016","2016","°c","1.567","E","Estimated value"
"ET","Temperature change on land","578","Norway","6078","Standard Deviation","7010","October","2017","2017","°c","1.567","E","Estimated value"
"ET","Temperature change on land","578","Norway","6078","Standard Deviation","7010","October","2018","2018","°c","1.567","E","Estimated value"
"ET","Temperature change on land","578","Norway","6078","Standard Deviation","7010","October","2019","2019","°c","1.567","E","Estimated value"
"ET","Temperature change on land","578","Norway","6078","Standard Deviation","7010","October","2020","2020","°c","1.567","E","Estimated value"
"ET","Temperature change on land","578","Norway","6078","Standard Deviation","7010","October","2021","2021","°c","1.567","E","Estimated value"
"ET","Temperature change on land","578","Norway","6078","Standard Deviation","7010","October","2022","2022","°c","1.567","E","Estimated value"
"ET","Temperature change on land","578","Norway","6078","Standard Deviation","7010","October","2023","2023","°c","1.567","E","Estimated value"
"ET","Temperature change on land","578","Norway","6078","Standard Deviation","7010","October","2024","2024","°c","1.567","E","Estimated value"
"ET","Temperature change on land","578","Norway","7271","Temperature change","7011","November","2010","2010","°c","-3.321","E","Estimated value"
"ET","Temperature change on land","578","Norway","7271","Temperature change","7011","November","2011","2011","°c","4.701","E","Estimated value"
"ET","Temperature change on land","578","Norway","7271","Temperature change","7011","November","2012","2012","°c","2.299","E","Estimated value"
"ET","Temperature change on land","578","Norway","7271","Temperature change","7011","November","2013","2013","°c","1.482","E","Estimated value"
"ET","Temperature change on land","578","Norway","7271","Temperature change","7011","November","2014","2014","°c","2.125","E","Estimated value"
"ET","Temperature change on land","578","Norway","7271","Temperature change","7011","November","2015","2015","°c","2.805","E","Estimated value"
"ET","Temperature change on land","578","Norway","7271","Temperature change","7011","November","2016","2016","°c","0.302","E","Estimated value"
"ET","Temperature change on land","578","Norway","7271","Temperature change","7011","November","2017","2017","°c","0.577","E","Estimated value"
"ET","Temperature change on land","578","Norway","7271","Temperature change","7011","November","2018","2018","°c","3.669","E","Estimated value"
"ET","Temperature change on land","578","Norway","7271","Temperature change","7011","November","2019","2019","°c","-0.936","E","Estimated value"
"ET","Temperature change on land","578","Norway","7271","Temperature change","7011","November","2020","2020","°c","4.498","E","Estimated value"
"ET","Temperature change on land","578","Norway","7271","Temperature change","7011","November","2021","2021","°c","1.02","E","Estimated value"
"ET","Temperature change on land","578","Norway","7271","Temperature change","7011","November","2022","2022","°c","3.265","E","Estimated value"
"ET","Temperature change on land","578","Norway","7271","Temperature change","7011","November","2023","2023","°c","-1.983","E","Estimated value"
"ET","Temperature change on land","578","Norway","7271","Temperature change","7011","November","2024","2024","°c","2.45","E","Estimated value"
"ET","Temperature change on land","578","Norway","6078","Standard Deviation","7011","November","2010","2010","°c","1.772","E","Estimated value"
"ET","Temperature change on land","578","Norway","6078","Standard Deviation","7011","November","2011","2011","°c","1.772","E","Estimated value"
"ET","Temperature change on land","578","Norway","6078","Standard Deviation","7011","November","2012","2012","°c","1.772","E","Estimated value"
"ET","Temperature change on land","578","Norway","6078","Standard Deviation","7011","November","2013","2013","°c","1.772","E","Estimated value"
"ET","Temperature change on land","578","Norway","6078","Standard Deviation","7011","November","2014","2014","°c","1.772","E","Estimated value"
"ET","Temperature change on land","578","Norway","6078","Standard Deviation","7011","November","2015","2015","°c","1.772","E","Estimated value"
"ET","Temperature change on land","578","Norway","6078","Standard Deviation","7011","November","2016","2016","°c","1.772","E","Estimated value"
"ET","Temperature change on land","578","Norway","6078","Standard Deviation","7011","November","2017","2017","°c","1.772","E","Estimated value"
"ET","Temperature change on land","578","Norway","6078","Standard Deviation","7011","November","2018","2018","°c","1.772","E","Estimated value"
"ET","Temperature change on land","578","Norway","6078","Standard Deviation","7011","November","2019","2019","°c","1.772","E","Estimated value"
"ET","Temperature change on land","578","Norway","6078","Standard Deviation","7011","November","2020","2020","°c","1.772","E","Estimated value"
"ET","Temperature change on land","578","Norway","6078","Standard Deviation","7011","November","2021","2021","°c","1.772","E","Estimated value"
"ET","Temperature change on land","578","Norway","6078","Standard Deviation","7011","November","2022","2022","°c","1.772","E","Estimated value"
"ET","Temperature change on land","578","Norway","6078","Standard Deviation","7011","November","2023","2023","°c","1.772","E","Estimated value"
"ET","Temperature change on land","578","Norway","6078","Standard Deviation","7011","November","2024","2024","°c","1.772","E","Estimated value"
"ET","Temperature change on land","578","Norway","7271","Temperature change","7012","December","2010","2010","°c","-4.04","E","Estimated value"
"ET","Temperature change on land","578","Norway","7271","Temperature change","7012","December","2011","2011","°c","3.467","E","Estimated value"
"ET","Temperature change on land","578","Norway","7271","Temperature change","7012","December","2012","2012","°c","-2.603","E","Estimated value"
"ET","Temperature change on land","578","Norway","7271","Temperature change","7012","December","2013","2013","°c","3.776","E","Estimated value"
"ET","Temperature change on land","578","Norway","7271","Temperature change","7012","December","2014","2014","°c","1.739","E","Estimated value"
"ET","Temperature change on land","578","Norway","7271","Temperature change","7012","December","2015","2015","°c","4.027","E","Estimated value"
"ET","Temperature change on land","578","Norway","7271","Temperature change","7012","December","2016","2016","°c","4.294","E","Estimated value"
"ET","Temperature change on land","578","Norway","7271","Temperature change","7012","December","2017","2017","°c","1.14","E","Estimated value"
"ET","Temperature change on land","578","Norway","7271","Temperature change","7012","December","2018","2018","°c","2.217","E","Estimated value"
"ET","Temperature change on land","578","Norway","7271","Temperature change","7012","December","2019","2019","°c","3.331","E","Estimated value"
"ET","Temperature change on land","578","Norway","7271","Temperature change","7012","December","2020","2020","°c","4.253","E","Estimated value"
"ET","Temperature change on land","578","Norway","7271","Temperature change","7012","December","2021","2021","°c","-0.418","E","Estimated value"
"ET","Temperature change on land","578","Norway","7271","Temperature change","7012","December","2022","2022","°c","-0.794","E","Estimated value"
"ET","Temperature change on land","578","Norway","7271","Temperature change","7012","December","2023","2023","°c","-1.4","E","Estimated value"
"ET","Temperature change on land","578","Norway","7271","Temperature change","7012","December","2024","2024","°c","2.879","E","Estimated value"
"ET","Temperature change on land","578","Norway","6078","Standard Deviation","7012","December","2010","2010","°c","2.387","E","Estimated value"
"ET","Temperature change on land","578","Norway","6078","Standard Deviation","7012","December","2011","2011","°c","2.387","E","Estimated value"
"ET","Temperature change on land","578","Norway","6078","Standard Deviation","7012","December","2012","2012","°c","2.387","E","Estimated value"
"ET","Temperature change on land","578","Norway","6078","Standard Deviation","7012","December","2013","2013","°c","2.387","E","Estimated value"
"ET","Temperature change on land","578","Norway","6078","Standard Deviation","7012","December","2014","2014","°c","2.387","E","Estimated value"
"ET","Temperature change on land","578","Norway","6078","Standard Deviation","7012","December","2015","2015","°c","2.387","E","Estimated value"
"ET","Temperature change on land","578","Norway","6078","Standard Deviation","7012","December","2016","2016","°c","2.387","E","Estimated value"
"ET","Temperature change on land","578","Norway","6078","Standard Deviation","7012","December","2017","2017","°c","2.387","E","Estimated value"
"ET","Temperature change on land","578","Norway","6078","Standard Deviation","7012","December","2018","2018","°c","2.387","E","Estimated value"
"ET","Temperature change on land","578","Norway","6078","Standard Deviation","7012","December","2019","2019","°c","2.387","E","Estimated value"
"ET","Temperature change on land","578","Norway","6078","Standard Deviation","7012","December","2020","2020","°c","2.387","E","Estimated value"
"ET","Temperature change on land","578","Norway","6078","Standard Deviation","7012","December","2021","2021","°c","2.387","E","Estimated value"
"ET","Temperature change on land","578","Norway","6078","Standard Deviation","7012","December","2022","2022","°c","2.387","E","Estimated value"
"ET","Temperature change on land","578","Norway","6078","Standard Deviation","7012","December","2023","2023","°c","2.387","E","Estimated value"
"ET","Temperature change on land","578","Norway","6078","Standard Deviation","7012","December","2024","2024","°c","2.387","E","Estimated value"
"ET","Temperature change on land","578","Norway","7271","Temperature change","7016","Dec–Jan–Feb","2010","2010","°c","-1.826","E","Estimated value"
"ET","Temperature change on land","578","Norway","7271","Temperature change","7016","Dec–Jan–Feb","2011","2011","°c","-1.171","E","Estimated value"
"ET","Temperature change on land","578","Norway","7271","Temperature change","7016","Dec–Jan–Feb","2012","2012","°c","2.237","E","Estimated value"
"ET","Temperature change on land","578","Norway","7271","Temperature change","7016","Dec–Jan–Feb","2013","2013","°c","0.053","E","Estimated value"
"ET","Temperature change on land","578","Norway","7271","Temperature change","7016","Dec–Jan–Feb","2014","2014","°c","3.531","E","Estimated value"
"ET","Temperature change on land","578","Norway","7271","Temperature change","7016","Dec–Jan–Feb","2015","2015","°c","2.875","E","Estimated value"
"ET","Temperature change on land","578","Norway","7271","Temperature change","7016","Dec–Jan–Feb","2016","2016","°c","2.051","E","Estimated value"
"ET","Temperature change on land","578","Norway","7271","Temperature change","7016","Dec–Jan–Feb","2017","2017","°c","3.803","E","Estimated value"
"ET","Temperature change on land","578","Norway","7271","Temperature change","7016","Dec–Jan–Feb","2018","2018","°c","0.847","E","Estimated value"
"ET","Temperature change on land","578","Norway","7271","Temperature change","7016","Dec–Jan–Feb","2019","2019","°c","2.347","E","Estimated value"
"ET","Temperature change on land","578","Norway","7271","Temperature change","7016","Dec–Jan–Feb","2020","2020","°c","4.438","E","Estimated value"
"ET","Temperature change on land","578","Norway","7271","Temperature change","7016","Dec–Jan–Feb","2021","2021","°c","1.508","E","Estimated value"
"ET","Temperature change on land","578","Norway","7271","Temperature change","7016","Dec–Jan–Feb","2022","2022","°c","1.928","E","Estimated value"
"ET","Temperature change on land","578","Norway","7271","Temperature change","7016","Dec–Jan–Feb","2023","2023","°c","2.521","E","Estimated value"
"ET","Temperature change on land","578","Norway","7271","Temperature change","7016","Dec–Jan–Feb","2024","2024","°c","0.477","E","Estimated value"
"ET","Temperature change on land","578","Norway","6078","Standard Deviation","7016","Dec–Jan–Feb","2010","2010","°c","1.866","E","Estimated value"
"ET","Temperature change on land","578","Norway","6078","Standard Deviation","7016","Dec–Jan–Feb","2011","2011","°c","1.866","E","Estimated value"
"ET","Temperature change on land","578","Norway","6078","Standard Deviation","7016","Dec–Jan–Feb","2012","2012","°c","1.866","E","Estimated value"
"ET","Temperature change on land","578","Norway","6078","Standard Deviation","7016","Dec–Jan–Feb","2013","2013","°c","1.866","E","Estimated value"
"ET","Temperature change on land","578","Norway","6078","Standard Deviation","7016","Dec–Jan–Feb","2014","2014","°c","1.866","E","Estimated value"
"ET","Temperature change on land","578","Norway","6078","Standard Deviation","7016","Dec–Jan–Feb","2015","2015","°c","1.866","E","Estimated value"
"ET","Temperature change on land","578","Norway","6078","Standard Deviation","7016","Dec–Jan–Feb","2016","2016","°c","1.866","E","Estimated value"
"ET","Temperature change on land","578","Norway","6078","Standard Deviation","7016","Dec–Jan–Feb","2017","2017","°c","1.866","E","Estimated value"
"ET","Temperature change on land","578","Norway","6078","Standard Deviation","7016","Dec–Jan–Feb","2018","2018","°c","1.866","E","Estimated value"
"ET","Temperature change on land","578","Norway","6078","Standard Deviation","7016","Dec–Jan–Feb","2019","2019","°c","1.866","E","Estimated value"
"ET","Temperature change on land","578","Norway","6078","Standard Deviation","7016","Dec–Jan–Feb","2020","2020","°c","1.866","E","Estimated value"
"ET","Temperature change on land","578","Norway","6078","Standard Deviation","7016","Dec–Jan–Feb","2021","2021","°c","1.866","E","Estimated value"
"ET","Temperature change on land","578","Norway","6078","Standard Deviation","7016","Dec–Jan–Feb","2022","2022","°c","1.866","E","Estimated value"
"ET","Temperature change on land","578","Norway","6078","Standard Deviation","7016","Dec–Jan–Feb","2023","2023","°c","1.866","E","Estimated value"
"ET","Temperature change on land","578","Norway","6078","Standard Deviation","7016","Dec–Jan–Feb","2024","2024","°c","1.866","E","Estimated value"
"ET","Temperature change on land","578","Norway","7271","Temperature change","7017","Mar–Apr–May","2010","2010","°c","0.823","E","Estimated value"
"ET","Temperature change on land","578","Norway","7271","Temperature change","7017","Mar–Apr–May","2011","2011","°c","2.378","E","Estimated value"
"ET","Temperature change on land","578","Norway","7271","Temperature change","7017","Mar–Apr–May","2012","2012","°c","1.768","E","Estimated value"
"ET","Temperature change on land","578","Norway","7271","Temperature change","7017","Mar–Apr–May","2013","2013","°c","0.355","E","Estimated value"
"ET","Temperature change on land","578","Norway","7271","Temperature change","7017","Mar–Apr–May","2014","2014","°c","2.491","E","Estimated value"
"ET","Temperature change on land","578","Norway","7271","Temperature change","7017","Mar–Apr–May","2015","2015","°c","2.087","E","Estimated value"
"ET","Temperature change on land","578","Norway","7271","Temperature change","7017","Mar–Apr–May","2016","2016","°c","2.569","E","Estimated value"
"ET","Temperature change on land","578","Norway","7271","Temperature change","7017","Mar–Apr–May","2017","2017","°c","0.965","E","Estimated value"
"ET","Temperature change on land","578","Norway","7271","Temperature change","7017","Mar–Apr–May","2018","2018","°c","1.395","E","Estimated value"
"ET","Temperature change on land","578","Norway","7271","Temperature change","7017","Mar–Apr–May","2019","2019","°c","1.734","E","Estimated value"
"ET","Temperature change on land","578","Norway","7271","Temperature change","7017","Mar–Apr–May","2020","2020","°c","1.058","E","Estimated value"
"ET","Temperature change on land","578","Norway","7271","Temperature change","7017","Mar–Apr–May","2021","2021","°c","1.421","E","Estimated value"
"ET","Temperature change on land","578","Norway","7271","Temperature change","7017","Mar–Apr–May","2022","2022","°c","2.042","E","Estimated value"
"ET","Temperature change on land","578","Norway","7271","Temperature change","7017","Mar–Apr–May","2023","2023","°c","0.661","E","Estimated value"
"ET","Temperature change on land","578","Norway","7271","Temperature change","7017","Mar–Apr–May","2024","2024","°c","2.753","E","Estimated value"
"ET","Temperature change on land","578","Norway","6078","Standard Deviation","7017","Mar–Apr–May","2010","2010","°c","1.071","E","Estimated value"
"ET","Temperature change on land","578","Norway","6078","Standard Deviation","7017","Mar–Apr–May","2011","2011","°c","1.071","E","Estimated value"
"ET","Temperature change on land","578","Norway","6078","Standard Deviation","7017","Mar–Apr–May","2012","2012","°c","1.071","E","Estimated value"
"ET","Temperature change on land","578","Norway","6078","Standard Deviation","7017","Mar–Apr–May","2013","2013","°c","1.071","E","Estimated value"
"ET","Temperature change on land","578","Norway","6078","Standard Deviation","7017","Mar–Apr–May","2014","2014","°c","1.071","E","Estimated value"
"ET","Temperature change on land","578","Norway","6078","Standard Deviation","7017","Mar–Apr–May","2015","2015","°c","1.071","E","Estimated value"
"ET","Temperature change on land","578","Norway","6078","Standard Deviation","7017","Mar–Apr–May","2016","2016","°c","1.071","E","Estimated value"
"ET","Temperature change on land","578","Norway","6078","Standard Deviation","7017","Mar–Apr–May","2017","2017","°c","1.071","E","Estimated value"
"ET","Temperature change on land","578","Norway","6078","Standard Deviation","7017","Mar–Apr–May","2018","2018","°c","1.071","E","Estimated value"
"ET","Temperature change on land","578","Norway","6078","Standard Deviation","7017","Mar–Apr–May","2019","2019","°c","1.071","E","Estimated value"
"ET","Temperature change on land","578","Norway","6078","Standard Deviation","7017","Mar–Apr–May","2020","2020","°c","1.071","E","Estimated value"
"ET","Temperature change on land","578","Norway","6078","Standard Deviation","7017","Mar–Apr–May","2021","2021","°c","1.071","E","Estimated value"
"ET","Temperature change on land","578","Norway","6078","Standard Deviation","7017","Mar–Apr–May","2022","2022","°c","1.071","E","Estimated value"
"ET","Temperature change on land","578","Norway","6078","Standard Deviation","7017","Mar–Apr–May","2023","2023","°c","1.071","E","Estimated value"
"ET","Temperature change on land","578","Norway","6078","Standard Deviation","7017","Mar–Apr–May","2024","2024","°c","1.071","E","Estimated value"
"ET","Temperature change on land","578","Norway","7271","Temperature change","7018","Jun–Jul–Aug","2010","2010","°c","0.276","E","Estimated value"
"ET","Temperature change on land","578","Norway","7271","Temperature change","7018","Jun–Jul–Aug","2011","2011","°c","1.284","E","Estimated value"
"ET","Temperature change on land","578","Norway","7271","Temperature change","7018","Jun–Jul–Aug","2012","2012","°c","-0.398","E","Estimated value"
"ET","Temperature change on land","578","Norway","7271","Temperature change","7018","Jun–Jul–Aug","2013","2013","°c","1.235","E","Estimated value"
"ET","Temperature change on land","578","Norway","7271","Temperature change","7018","Jun–Jul–Aug","2014","2014","°c","1.791","E","Estimated value"
"ET","Temperature change on land","578","Norway","7271","Temperature change","7018","Jun–Jul–Aug","2015","2015","°c","-0.084","E","Estimated value"
"ET","Temperature change on land","578","Norway","7271","Temperature change","7018","Jun–Jul–Aug","2016","2016","°c","0.701","E","Estimated value"
"ET","Temperature change on land","578","Norway","7271","Temperature change","7018","Jun–Jul–Aug","2017","2017","°c","0.137","E","Estimated value"
"ET","Temperature change on land","578","Norway","7271","Temperature change","7018","Jun–Jul–Aug","2018","2018","°c","1.735","E","Estimated value"
"ET","Temperature change on land","578","Norway","7271","Temperature change","7018","Jun–Jul–Aug","2019","2019","°c","1.119","E","Estimated value"
"ET","Temperature change on land","578","Norway","7271","Temperature change","7018","Jun–Jul–Aug","2020","2020","°c","1.386","E","Estimated value"
"ET","Temperature change on land","578","Norway","7271","Temperature change","7018","Jun–Jul–Aug","2021","2021","°c","1.641","E","Estimated value"
"ET","Temperature change on land","578","Norway","7271","Temperature change","7018","Jun–Jul–Aug","2022","2022","°c","1.493","E","Estimated value"
"ET","Temperature change on land","578","Norway","7271","Temperature change","7018","Jun–Jul–Aug","2023","2023","°c","1.729","E","Estimated value"
"ET","Temperature change on land","578","Norway","7271","Temperature change","7018","Jun–Jul–Aug","2024","2024","°c","2.031","E","Estimated value"
"ET","Temperature change on land","578","Norway","6078","Standard Deviation","7018","Jun–Jul–Aug","2010","2010","°c","0.854","E","Estimated value"
"ET","Temperature change on land","578","Norway","6078","Standard Deviation","7018","Jun–Jul–Aug","2011","2011","°c","0.854","E","Estimated value"
"ET","Temperature change on land","578","Norway","6078","Standard Deviation","7018","Jun–Jul–Aug","2012","2012","°c","0.854","E","Estimated value"
"ET","Temperature change on land","578","Norway","6078","Standard Deviation","7018","Jun–Jul–Aug","2013","2013","°c","0.854","E","Estimated value"
"ET","Temperature change on land","578","Norway","6078","Standard Deviation","7018","Jun–Jul–Aug","2014","2014","°c","0.854","E","Estimated value"
"ET","Temperature change on land","578","Norway","6078","Standard Deviation","7018","Jun–Jul–Aug","2015","2015","°c","0.854","E","Estimated value"
"ET","Temperature change on land","578","Norway","6078","Standard Deviation","7018","Jun–Jul–Aug","2016","2016","°c","0.854","E","Estimated value"
"ET","Temperature change on land","578","Norway","6078","Standard Deviation","7018","Jun–Jul–Aug","2017","2017","°c","0.854","E","Estimated value"
"ET","Temperature change on land","578","Norway","6078","Standard Deviation","7018","Jun–Jul–Aug","2018","2018","°c","0.854","E","Estimated value"
"ET","Temperature change on land","578","Norway","6078","Standard Deviation","7018","Jun–Jul–Aug","2019","2019","°c","0.854","E","Estimated value"
"ET","Temperature change on land","578","Norway","6078","Standard Deviation","7018","Jun–Jul–Aug","2020","2020","°c","0.854","E","Estimated value"
"ET","Temperature change on land","578","Norway","6078","Standard Deviation","7018","Jun–Jul–Aug","2021","2021","°c","0.854","E","Estimated value"
"ET","Temperature change on land","578","Norway","6078","Standard Deviation","7018","Jun–Jul–Aug","2022","2022","°c","0.854","E","Estimated value"
"ET","Temperature change on land","578","Norway","6078","Standard Deviation","7018","Jun–Jul–Aug","2023","2023","°c","0.854","E","Estimated value"
"ET","Temperature change on land","578","Norway","6078","Standard Deviation","7018","Jun–Jul–Aug","2024","2024","°c","0.854","E","Estimated value"
"ET","Temperature change on land","578","Norway","7271","Temperature change","7019","Sep–Oct–Nov","2010","2010","°c","-0.622","E","Estimated value"
"ET","Temperature change on land","578","Norway","7271","Temperature change","7019","Sep–Oct–Nov","2011","2011","°c","3.085","E","Estimated value"
"ET","Temperature change on land","578","Norway","7271","Temperature change","7019","Sep–Oct–Nov","2012","2012","°c","0.598","E","Estimated value"
"ET","Temperature change on land","578","Norway","7271","Temperature change","7019","Sep–Oct–Nov","2013","2013","°c","1.504","E","Estimated value"
"ET","Temperature change on land","578","Norway","7271","Temperature change","7019","Sep–Oct–Nov","2014","2014","°c","1.808","E","Estimated value"
"ET","Temperature change on land","578","Norway","7271","Temperature change","7019","Sep–Oct–Nov","2015","2015","°c","2.207","E","Estimated value"
"ET","Temperature change on land","578","Norway","7271","Temperature change","7019","Sep–Oct–Nov","2016","2016","°c","1.517","E","Estimated value"
"ET","Temperature change on land","578","Norway","7271","Temperature change","7019","Sep–Oct–Nov","2017","2017","°c","1.263","E","Estimated value"
"ET","Temperature change on land","578","Norway","7271","Temperature change","7019","Sep–Oct–Nov","2018","2018","°c","1.947","E","Estimated value"
"ET","Temperature change on land","578","Norway","7271","Temperature change","7019","Sep–Oct–Nov","2019","2019","°c","-0.447","E","Estimated value"
"ET","Temperature change on land","578","Norway","7271","Temperature change","7019","Sep–Oct–Nov","2020","2020","°c","2.598","E","Estimated value"
"ET","Temperature change on land","578","Norway","7271","Temperature change","7019","Sep–Oct–Nov","2021","2021","°c","1.386","E","Estimated value"
"ET","Temperature change on land","578","Norway","7271","Temperature change","7019","Sep–Oct–Nov","2022","2022","°c","2.117","E","Estimated value"
"ET","Temperature change on land","578","Norway","7271","Temperature change","7019","Sep–Oct–Nov","2023","2023","°c","-0.133","E","Estimated value"
"ET","Temperature change on land","578","Norway","7271","Temperature change","7019","Sep–Oct–Nov","2024","2024","°c","2.369","E","Estimated value"
"ET","Temperature change on land","578","Norway","6078","Standard Deviation","7019","Sep–Oct–Nov","2010","2010","°c","1.125","E","Estimated value"
"ET","Temperature change on land","578","Norway","6078","Standard Deviation","7019","Sep–Oct–Nov","2011","2011","°c","1.125","E","Estimated value"
"ET","Temperature change on land","578","Norway","6078","Standard Deviation","7019","Sep–Oct–Nov","2012","2012","°c","1.125","E","Estimated value"
"ET","Temperature change on land","578","Norway","6078","Standard Deviation","7019","Sep–Oct–Nov","2013","2013","°c","1.125","E","Estimated value"
"ET","Temperature change on land","578","Norway","6078","Standard Deviation","7019","Sep–Oct–Nov","2014","2014","°c","1.125","E","Estimated value"
"ET","Temperature change on land","578","Norway","6078","Standard Deviation","7019","Sep–Oct–Nov","2015","2015","°c","1.125","E","Estimated value"
"ET","Temperature change on land","578","Norway","6078","Standard Deviation","7019","Sep–Oct–Nov","2016","2016","°c","1.125","E","Estimated value"
"ET","Temperature change on land","578","Norway","6078","Standard Deviation","7019","Sep–Oct–Nov","2017","2017","°c","1.125","E","Estimated value"
"ET","Temperature change on land","578","Norway","6078","Standard Deviation","7019","Sep–Oct–Nov","2018","2018","°c","1.125","E","Estimated value"
"ET","Temperature change on land","578","Norway","6078","Standard Deviation","7019","Sep–Oct–Nov","2019","2019","°c","1.125","E","Estimated value"
"ET","Temperature change on land","578","Norway","6078","Standard Deviation","7019","Sep–Oct–Nov","2020","2020","°c","1.125","E","Estimated value"
"ET","Temperature change on land","578","Norway","6078","Standard Deviation","7019","Sep–Oct–Nov","2021","2021","°c","1.125","E","Estimated value"
"ET","Temperature change on land","578","Norway","6078","Standard Deviation","7019","Sep–Oct–Nov","2022","2022","°c","1.125","E","Estimated value"
"ET","Temperature change on land","578","Norway","6078","Standard Deviation","7019","Sep–Oct–Nov","2023","2023","°c","1.125","E","Estimated value"
"ET","Temperature change on land","578","Norway","6078","Standard Deviation","7019","Sep–Oct–Nov","2024","2024","°c","1.125","E","Estimated value"
"ET","Temperature change on land","578","Norway","7271","Temperature change","7020","Meteorological year","2010","2010","°c","-0.337","E","Estimated value"
"ET","Temperature change on land","578","Norway","7271","Temperature change","7020","Meteorological year","2011","2011","°c","1.394","E","Estimated value"
"ET","Temperature change on land","578","Norway","7271","Temperature change","7020","Meteorological year","2012","2012","°c","1.051","E","Estimated value"
"ET","Temperature change on land","578","Norway","7271","Temperature change","7020","Meteorological year","2013","2013","°c","0.787","E","Estimated value"
"ET","Temperature change on land","578","Norway","7271","Temperature change","7020","Meteorological year","2014","2014","°c","2.405","E","Estimated value"
"ET","Temperature change on land","578","Norway","7271","Temperature change","7020","Meteorological year","2015","2015","°c","1.771","E","Estimated value"
"ET","Temperature change on land","578","Norway","7271","Temperature change","7020","Meteorological year","2016","2016","°c","1.709","E","Estimated value"
"ET","Temperature change on land","578","Norway","7271","Temperature change","7020","Meteorological year","2017","2017","°c","1.542","E","Estimated value"
"ET","Temperature change on land","578","Norway","7271","Temperature change","7020","Meteorological year","2018","2018","°c","1.481","E","Estimated value"
"ET","Temperature change on land","578","Norway","7271","Temperature change","7020","Meteorological year","2019","2019","°c","1.188","E","Estimated value"
"ET","Temperature change on land","578","Norway","7271","Temperature change","7020","Meteorological year","2020","2020","°c","2.37","E","Estimated value"
"ET","Temperature change on land","578","Norway","7271","Temperature change","7020","Meteorological year","2021","2021","°c","1.489","E","Estimated value"
"ET","Temperature change on land","578","Norway","7271","Temperature change","7020","Meteorological year","2022","2022","°c","1.895","E","Estimated value"
"ET","Temperature change on land","578","Norway","7271","Temperature change","7020","Meteorological year","2023","2023","°c","1.194","E","Estimated value"
"ET","Temperature change on land","578","Norway","7271","Temperature change","7020","Meteorological year","2024","2024","°c","1.908","E","Estimated value"
"ET","Temperature change on land","578","Norway","6078","Standard Deviation","7020","Meteorological year","2010","2010","°c","0.739","E","Estimated value"
"ET","Temperature change on land","578","Norway","6078","Standard Deviation","7020","Meteorological year","2011","2011","°c","0.739","E","Estimated value"
"ET","Temperature change on land","578","Norway","6078","Standard Deviation","7020","Meteorological year","2012","2012","°c","0.739","E","Estimated value"
"ET","Temperature change on land","578","Norway","6078","Standard Deviation","7020","Meteorological year","2013","2013","°c","0.739","E","Estimated value"
"ET","Temperature change on land","578","Norway","6078","Standard Deviation","7020","Meteorological year","2014","2014","°c","0.739","E","Estimated value"
"ET","Temperature change on land","578","Norway","6078","Standard Deviation","7020","Meteorological year","2015","2015","°c","0.739","E","Estimated value"
"ET","Temperature change on land","578","Norway","6078","Standard Deviation","7020","Meteorological year","2016","2016","°c","0.739","E","Estimated value"
"ET","Temperature change on land","578","Norway","6078","Standard Deviation","7020","Meteorological year","2017","2017","°c","0.739","E","Estimated value"
"ET","Temperature change on land","578","Norway","6078","Standard Deviation","7020","Meteorological year","2018","2018","°c","0.739","E","Estimated value"
"ET","Temperature change on land","578","Norway","6078","Standard Deviation","7020","Meteorological year","2019","2019","°c","0.739","E","Estimated value"
"ET","Temperature change on land","578","Norway","6078","Standard Deviation","7020","Meteorological year","2020","2020","°c","0.739","E","Estimated value"
"ET","Temperature change on land","578","Norway","6078","Standard Deviation","7020","Meteorological year","2021","2021","°c","0.739","E","Estimated value"
"ET","Temperature change on land","578","Norway","6078","Standard Deviation","7020","Meteorological year","2022","2022","°c","0.739","E","Estimated value"
"ET","Temperature change on land","578","Norway","6078","Standard Deviation","7020","Meteorological year","2023","2023","°c","0.739","E","Estimated value"
"ET","Temperature change on land","578","Norway","6078","Standard Deviation","7020","Meteorological year","2024","2024","°c","0.739","E","Estimated value"
